{
    "entropies.npy": {
        "uncertainty_toolbox_metrics": {
            "accuracy": {
                "mae": 0.4099999999589999,
                "rmse": 0.6403124236792536,
                "mdae": 0.0,
                "marpd": 81.99999998359999,
                "r2": -1.3892773892773889,
                "corr": 0.2582829579761339
            },
            "avg_calibration": {
                "rms_cal": 0.2723050069958627,
                "ma_cal": 0.20814242424242424,
                "miscal_area": 0.2072464646464646
            },
            "adv_group_calibration": {
                "ma_adv_group_cal": {
                    "group_sizes": [
                        0.0,
                        0.1111111111111111,
                        0.2222222222222222,
                        0.3333333333333333,
                        0.4444444444444444,
                        0.5555555555555556,
                        0.6666666666666666,
                        0.7777777777777777,
                        0.8888888888888888,
                        1.0
                    ],
                    "adv_group_cali_mean": [
                        0.5,
                        0.3651515151515151,
                        0.30252525252525253,
                        0.28904040404040393,
                        0.27091919191919195,
                        0.23881872294372294,
                        0.24651726217397862,
                        0.2393364413364413,
                        0.22438644875723526,
                        0.20814242424242427
                    ],
                    "adv_group_cali_stderr": [
                        0.0,
                        0.03912495580988946,
                        0.039808831349713386,
                        0.030984014955077317,
                        0.02010129279758802,
                        0.011610571548733654,
                        0.016832093362958017,
                        0.011371819345586738,
                        0.005171601863010853,
                        2.925694557147251e-17
                    ]
                },
                "rms_adv_group_cal": {
                    "group_sizes": [
                        0.0,
                        0.1111111111111111,
                        0.2222222222222222,
                        0.3333333333333333,
                        0.4444444444444444,
                        0.5555555555555556,
                        0.6666666666666666,
                        0.7777777777777777,
                        0.8888888888888888,
                        1.0
                    ],
                    "adv_group_cali_mean": [
                        0.5788063881962905,
                        0.4046178341235446,
                        0.36640420802891277,
                        0.3552464313405232,
                        0.33678526495698513,
                        0.32372695365094495,
                        0.3171956299186943,
                        0.3021857548126526,
                        0.29013264984472104,
                        0.2723050069958627
                    ],
                    "adv_group_cali_stderr": [
                        0.0,
                        0.05086792850524456,
                        0.04915216058836458,
                        0.016674438100006055,
                        0.025402426472129567,
                        0.008755804893018429,
                        0.02419422882003311,
                        0.013664239757986913,
                        0.00928386534821207,
                        0.0
                    ]
                }
            },
            "sharpness": {
                "sharp": 1.0484488010406494
            },
            "scoring_rule": {
                "nll": 4.499999878937114e+18,
                "crps": 0.4107603659095953,
                "check": 0.20694942367163466,
                "interval": 2.6723260128093886
            }
        },
        "auroc": 0.5055808185200497,
        "auroc - top 20": 0.7032967032967032,
        "auroc - top 10": 0.8333333333333334,
        "auroc - top 5": 0.6666666666666666,
        "auroc - bottom 20": 0.5,
        "auroc - bottom 10": 0.5,
        "auroc - bottom 5": 0.5,
        "brier": 0.29458478580357733,
        "brier - top 20": 0.41441899241158053,
        "brier - top 10": 0.3692266229015456,
        "brier - top 5": 0.515079261132383,
        "brier - bottom 20": 0.1,
        "brier - bottom 10": 0.2,
        "brier - bottom 5": 0.0
    },
    "cluster_distances.npy": {
        "uncertainty_toolbox_metrics": {
            "accuracy": {
                "mae": 0.4099999999589999,
                "rmse": 0.6403124236792536,
                "mdae": 0.0,
                "marpd": 81.99999998359999,
                "r2": -1.3892773892773889,
                "corr": 0.2582829579761339
            },
            "avg_calibration": {
                "rms_cal": 0.3023835891989428,
                "ma_cal": 0.2564434343434343,
                "miscal_area": 0.2560292929292929
            },
            "adv_group_calibration": {
                "ma_adv_group_cal": {
                    "group_sizes": [
                        0.0,
                        0.1111111111111111,
                        0.2222222222222222,
                        0.3333333333333333,
                        0.4444444444444444,
                        0.5555555555555556,
                        0.6666666666666666,
                        0.7777777777777777,
                        0.8888888888888888,
                        1.0
                    ],
                    "adv_group_cali_mean": [
                        0.5,
                        0.35581818181818176,
                        0.3193989898989899,
                        0.2910303030303031,
                        0.2755631313131313,
                        0.2752665945165945,
                        0.2677327001356852,
                        0.2651351981351981,
                        0.2611638860515265,
                        0.25644343434343425
                    ],
                    "adv_group_cali_stderr": [
                        0.0,
                        0.04769277252335182,
                        0.03743076949462578,
                        0.011189074502642823,
                        0.009420903474181072,
                        0.008767591126650726,
                        0.003957085289167784,
                        0.00226264173855036,
                        0.0013811710962298347,
                        5.851389114294502e-17
                    ]
                },
                "rms_adv_group_cal": {
                    "group_sizes": [
                        0.0,
                        0.1111111111111111,
                        0.2222222222222222,
                        0.3333333333333333,
                        0.4444444444444444,
                        0.5555555555555556,
                        0.6666666666666666,
                        0.7777777777777777,
                        0.8888888888888888,
                        1.0
                    ],
                    "adv_group_cali_mean": [
                        0.5788063881962905,
                        0.4553216222804027,
                        0.37560815575580575,
                        0.3482148486790596,
                        0.3325230841666511,
                        0.33028383051818894,
                        0.3212169619043538,
                        0.31825670443274295,
                        0.31192741528471674,
                        0.3023835891989428
                    ],