{
    "verbalised_and_sampling_hybrid_uncertainty": {
        "confidence_correctness_auprc": 0.7610356225231018,
        "error_detection_auprc": 0.571079263802709,
        "confidence_accuracy_correlation": 0.3290439671753311,
        "expected_calibration_error": 0.1501305194805195,
        "brier_score": 0.2350486292376455
    },
    "sample_avg_dev_uncertainty": {
        "confidence_correctness_auprc": 0.7723553760734816,
        "error_detection_auprc": 0.5785135393681453,
        "confidence_accuracy_correlation": 0.3690499476209919,
        "expected_calibration_error": 0.12675324675324676,
        "brier_score": 0.23379827964243552
    },
    "verbalised_uncertainty": {
        "confidence_correctness_auprc": 0.41718838270069464,
        "error_detection_auprc": 0.38742426248475287,
        "confidence_accuracy_correlation": -0.3784857683417943,
        "expected_calibration_error": 0.5464999999999999,
        "brier_score": 0.5294750000000001
    }
}