{
    "entropies.npy": {
        "uncertainty_toolbox_metrics": {
            "accuracy": {
                "mae": 0.4099999999589999,
                "rmse": 0.6403124236792536,
                "mdae": 0.0,
                "marpd": 81.99999998359999,
                "r2": -1.3892773892773889,
                "corr": 0.2582829579761339
            },
            "avg_calibration": {
                "rms_cal": 0.2723050069958627,
                "ma_cal": 0.20814242424242424,
                "miscal_area": 0.2072464646464646
            },
            "adv_group_calibration": {
                "ma_adv_group_cal": {
                    "group_sizes": [
                        0.0,
                        0.1111111111111111,
                        0.2222222222222222,
                        0.3333333333333333,
                        0.4444444444444444,
                        0.5555555555555556,
                        0.6666666666666666,
                        0.7777777777777777,
                        0.8888888888888888,
                        1.0
                    ],
                    "adv_group_cali_mean": [
                        0.5,
                        0.363,
                        0.30653535353535355,
                        0.27848484848484845,
                        0.27332575757575756,
                        0.25127795815295817,
                        0.24329187396351576,
                        0.23179759129759128,
                        0.22509578935421634,
                        0.20814242424242427
                    ],
                    "adv_group_cali_stderr": [
                        0.0,
                        0.04192794115825903,
                        0.04250958227560472,
                        0.023745753947337574,
                        0.026250134758066073,
                        0.013754401992260884,
                        0.013546559483705969,
                        0.008581242423228806,
                        0.004777874295787276,
                        2.925694557147251e-17
                    ]
                },
                "rms_adv_group_cal": {
                    "group_sizes": [
                        0.0,
                        0.1111111111111111,
                        0.2222222222222222,
                        0.3333333333333333,
                        0.4444444444444444,
                        0.5555555555555556,
                        0.6666666666666666,
                        0.7777777777777777,
                        0.8888888888888888,
                        1.0
                    ],
                    "adv_group_cali_mean": [
                        0.5788063881962905,
                        0.4386042921622625,
                        0.3986853157285327,
                        0.3573166103443275,
                        0.324123513839846,
                        0.3111564870667697,
                        0.3064754324084779,
                        0.30516659442795707,
                        0.293461122152502,
                        0.2723050069958627
                    ],
                    "adv_group_cali_stderr": [
                        0.0,
                        0.0846700064656373,
                        0.0514487991061701,
                        0.017263097997729945,
                        0.01984000028177609,
                        0.010790095810447549,
                        0.012629304688653944,
                        0.008696616983941741,
                        0.006794017886335602,
                        0.0
                    ]
                }
            },
            "sharpness": {
                "sharp": 1.0484488010406494
            },
            "scoring_rule": {
                "nll": 4.499999878937114e+18,
                "crps": 0.4107603659095953,
                "check": 0.20694942367163466,
                "interval": 2.6723260128093886
            }
        },
        "auroc": 0.5055808185200497,
        "auroc - top 20": 0.7032967032967032,
        "auroc - top 10": 0.8333333333333334,
        "auroc - top 5": 0.6666666666666666,
        "auroc - bottom 20": 0.5,
        "auroc - bottom 10": 0.5,
        "auroc - bottom 5": 0.5,
        "brier": 0.29458478580357733,
        "brier - top 20": 0.41441899241158053,
        "brier - top 10": 0.3692266229015456,
        "brier - top 5": 0.515079261132383,
        "brier - bottom 20": 0.1,
        "brier - bottom 10": 0.2,
        "brier - bottom 5": 0.0
    }
}