{
    "accuracy": {
        "mae": 0.2,
        "rmse": 0.4472135954999579,
        "mdae": 0.0,
        "marpd": NaN,
        "r2": 0.16666666666666674,
        "corr": 0.6666666666666666
    },
    "avg_calibration": {
        "rms_cal": 0.4164383212684388,
        "ma_cal": 0.3336363636363637,
        "miscal_area": 0.33262841177734803
    },
    "adv_group_calibration": {
        "ma_adv_group_cal": {
            "group_sizes": [
                0.0,
                0.1111111111111111,
                0.2222222222222222,
                0.3333333333333333,
                0.4444444444444444,
                0.5555555555555556,
                0.6666666666666666,
                0.7777777777777777,
                0.8888888888888888,
                1.0
            ],
            "adv_group_cali_mean": [
                0.5,
                0.5,
                0.5,
                0.5,
                0.5,
                0.5,
                0.5,
                0.4803914141414142,
                0.4607828282828283,
                0.3336363636363636
            ],
            "adv_group_cali_stderr": [
                0.0,
                0.0,
                0.0,
                0.0,
                0.0,
                0.0,
                0.0,
                0.06200779300809966,
                0.08267705734413287,
                5.851389114294502e-17
            ]
        },
        "rms_adv_group_cal": {
            "group_sizes": [
                0.0,
                0.1111111111111111,
                0.2222222222222222,
                0.3333333333333333,
                0.4444444444444444,
                0.5555555555555556,
                0.6666666666666666,
                0.7777777777777777,
                0.8888888888888888,
                1.0
            ],
            "adv_group_cali_mean": [
                0.5788063881962905,
                0.5788063881962905,
                0.5788063881962905,
                0.5788063881962905,
                0.5788063881962905,
                0.5788063881962905,
                0.5788063881962905,
                0.5391757576111289,
                0.5391757576111289,
                0.4164383212684388
            ],
            "adv_group_cali_stderr": [
                0.0,
                0.0,
                0.0,
                0.0,
                0.0,
                0.0,
                0.0,
                0.0835487051718947,
                0.0835487051718947,
                0.0
            ]
        }
    },
    "sharpness": {
        "sharp": 0.48785243670601874
    },
    "scoring_rule": {
        "nll": 0.21464634963222345,
        "crps": 0.2200615748902252,
        "check": 0.11111671582168894,
        "interval": 1.179213895874889
    },
    "auroc": 0.625
}